data;valor
02/18/2026;129.21
02/17/2026;129.05
02/16/2026;127.22
02/13/2026;128.87
02/12/2026;129.54
02/11/2026;128.71
02/10/2026;127.89
02/09/2026;125.89
02/06/2026;127.04
02/05/2026;128.55
02/04/2026;127.55
02/03/2026;127.21
02/02/2026;128.38
01/30/2026;129.04
01/29/2026;131.53
01/28/2026;130.20
01/27/2026;130.37
01/26/2026;130.53
01/23/2026;131.03
01/22/2026;133.01
01/21/2026;135.17
01/20/2026;137.49
01/19/2026;137.75
01/16/2026;136.34
01/15/2026;136.81
01/14/2026;139.83
01/13/2026;137.66
01/12/2026;136.99
01/09/2026;137.32
01/08/2026;138.49
01/07/2026;138.01
01/06/2026;136.66
01/05/2026;137.33
01/02/2026;137.81
01/01/2026;138.31
12/31/2025;138.32
12/30/2025;138.32
12/29/2025;138.82
12/26/2025;137.82
12/25/2025;137.82
12/24/2025;137.82
12/23/2025;137.81
12/22/2025;138.13
12/19/2025;140.96
12/18/2025;142.15
12/17/2025;139.51
12/16/2025;135.17
12/15/2025;135.33
12/12/2025;137.15
12/11/2025;140.48
12/10/2025;142.30
12/09/2025;142.81
12/08/2025;142.78
12/05/2025;135.33
12/04/2025;136.17
12/03/2025;137.15
12/02/2025;140.30
12/01/2025;141.80
11/28/2025;140.81
11/27/2025;140.97
11/26/2025;141.96
11/25/2025;144.45
11/24/2025;145.92
11/21/2025;145.79
11/20/2025;141.45
11/19/2025;144.27
11/18/2025;144.63
11/17/2025;141.28
11/14/2025;142.29
11/13/2025;140.30
11/12/2025;139.96
11/11/2025;140.78
11/10/2025;143.05
11/07/2025;146.09
11/06/2025;143.23
11/05/2025;140.28
11/04/2025;140.81
11/03/2025;138.64
10/31/2025;138.47
10/30/2025;138.67
10/29/2025;136.97
10/28/2025;136.65
10/27/2025;137.61
10/24/2025;144.29
10/23/2025;145.57
10/22/2025;146.74
10/21/2025;140.29
10/20/2025;142.93
10/17/2025;146.76
10/16/2025;148.54
10/15/2025;145.10
10/14/2025;152.02
10/13/2025;159.67
10/10/2025;159.29
10/09/2025;142.63
10/08/2025;138.15
10/07/2025;135.32
10/06/2025;133.74
10/03/2025;134.50
10/02/2025;135.65
10/01/2025;135.13
09/30/2025;135.81
09/29/2025;136.14
09/26/2025;137.80
09/25/2025;137.17
09/24/2025;134.67
09/23/2025;134.82
09/22/2025;136.82
09/19/2025;126.22
09/18/2025;125.89
09/17/2025;126.39
09/16/2025;128.36
09/15/2025;130.02
09/12/2025;132.52
09/11/2025;129.19
09/10/2025;133.67
09/09/2025;137.83
09/08/2025;136.81
09/05/2025;136.64
09/04/2025;136.81
09/03/2025;137.97
09/02/2025;139.48
09/01/2025;136.66
08/29/2025;136.82
08/28/2025;135.47
08/27/2025;138.91
08/26/2025;139.88
08/25/2025;138.95
08/22/2025;138.33
08/21/2025;141.43
08/20/2025;141.84
08/19/2025;138.89
08/18/2025;137.95
08/15/2025;136.45
08/14/2025;136.48
08/13/2025;133.94
08/12/2025;136.92
08/11/2025;138.41
08/08/2025;141.41
08/07/2025;144.83
08/06/2025;149.26
08/05/2025;150.75
08/04/2025;149.26
08/01/2025;151.97
07/31/2025;147.75
07/30/2025;150.26
07/29/2025;149.21
07/28/2025;147.26
07/25/2025;147.28
07/24/2025;144.83
07/23/2025;147.32
07/22/2025;147.23
07/21/2025;145.76
07/18/2025;145.75
07/17/2025;147.78
07/16/2025;150.15
07/15/2025;147.82
07/14/2025;147.76
07/11/2025;147.78
07/10/2025;147.76
07/09/2025;141.30
07/08/2025;144.81
07/07/2025;143.81
07/04/2025;139.37
07/03/2025;139.43
07/02/2025;144.79
07/01/2025;145.31
06/30/2025;147.70
06/27/2025;151.19
06/26/2025;152.09
06/25/2025;150.70
06/24/2025;149.69
06/23/2025;155.49
06/20/2025;156.55
06/19/2025;158.04
06/18/2025;156.08
06/17/2025;151.60
06/16/2025;151.20
06/13/2025;152.18
06/12/2025;149.62
06/11/2025;151.06
06/10/2025;154.58
06/09/2025;155.51
06/06/2025;157.24
06/05/2025;160.06
06/04/2025;156.44
06/03/2025;155.10
06/02/2025;157.10
05/30/2025;160.44
05/29/2025;161.39
05/28/2025;163.03
05/27/2025;162.94
05/26/2025;168.86
05/23/2025;168.78
05/22/2025;167.82
05/21/2025;164.99
05/20/2025;161.49
05/19/2025;165.37
05/16/2025;164.93
05/15/2025;164.77
05/14/2025;162.50
05/13/2025;161.97
05/12/2025;163.10
05/09/2025;177.07
05/08/2025;177.84
05/07/2025;177.63
05/06/2025;179.98
05/05/2025;179.57
05/02/2025;179.77
05/01/2025;182.10
04/30/2025;181.91
04/29/2025;180.45
04/28/2025;182.46
04/25/2025;182.49
04/24/2025;184.83
04/23/2025;191.31
04/22/2025;198.19
04/21/2025;194.03
04/18/2025;194.16
04/17/2025;194.17
04/16/2025;198.93
04/15/2025;191.18
04/14/2025;192.94
04/11/2025;198.35
04/10/2025;197.98
04/09/2025;185.90
04/08/2025;210.58
04/07/2025;200.24
04/04/2025;199.72
04/03/2025;188.78
04/02/2025;184.04
04/01/2025;182.86
03/31/2025;188.36
03/28/2025;185.17
03/27/2025;180.98
03/26/2025;181.99
03/25/2025;179.45
03/24/2025;182.63
03/21/2025;190.23
03/20/2025;189.73
03/19/2025;167.39
03/18/2025;170.39
03/17/2025;174.88
03/14/2025;173.96
03/13/2025;178.20
03/12/2025;174.93
03/11/2025;178.33
03/10/2025;178.08
03/07/2025;173.79
03/06/2025;173.83
03/05/2025;178.77
03/04/2025;184.09
03/03/2025;178.14
02/28/2025;176.29
02/27/2025;170.84
02/26/2025;170.75
02/25/2025;170.37
02/24/2025;168.29
02/21/2025;164.47
02/20/2025;164.46
02/19/2025;163.57
02/18/2025;165.93
02/17/2025;165.83
02/14/2025;167.79
02/13/2025;168.05
02/12/2025;171.85
02/11/2025;171.80
02/10/2025;170.93
02/07/2025;172.82
02/06/2025;172.67
02/05/2025;171.26
02/04/2025;177.28
02/03/2025;174.78
01/31/2025;177.15
01/30/2025;177.29
01/29/2025;178.71
01/28/2025;179.51
01/27/2025;173.72
01/24/2025;172.80
01/23/2025;175.29
01/22/2025;181.57
01/21/2025;180.59
01/20/2025;186.00
01/17/2025;187.34
01/16/2025;186.20
01/15/2025;192.29
01/14/2025;194.32
01/13/2025;197.49
01/10/2025;188.88
01/09/2025;192.75
01/08/2025;188.48
01/07/2025;192.35
01/06/2025;199.17
01/03/2025;208.95
01/02/2025;214.38
01/01/2025;214.31
12/31/2024;214.17
12/30/2024;205.02
12/27/2024;198.24
12/26/2024;198.24
12/25/2024;198.30
12/24/2024;198.35
12/23/2024;200.14
12/20/2024;208.05
12/19/2024;218.14
12/18/2024;187.02
12/17/2024;180.65
12/16/2024;172.43
12/13/2024;166.50
12/12/2024;163.04
12/11/2024;168.94
12/10/2024;172.87
12/09/2024;166.38
12/06/2024;164.48
12/05/2024;167.82
12/04/2024;170.86
12/03/2024;168.91
12/02/2024;161.46
11/29/2024;161.52
11/28/2024;157.98
11/27/2024;154.19
11/26/2024;153.02
11/25/2024;155.14
11/22/2024;154.17
11/21/2024;156.14
11/20/2024;158.03
11/19/2024;163.32
11/18/2024;166.33
11/15/2024;161.49
11/14/2024;159.45
11/13/2024;160.64
11/12/2024;153.49
11/11/2024;153.47
11/08/2024;153.44
11/07/2024;155.08
11/06/2024;165.03
11/05/2024;164.91
11/04/2024;160.90
11/01/2024;157.57
10/31/2024;154.19
10/30/2024;153.58
10/29/2024;157.09
10/28/2024;157.09
10/25/2024;157.02
10/24/2024;159.07
10/23/2024;156.09
10/22/2024;154.25
10/21/2024;150.15
10/18/2024;151.22
10/17/2024;154.09
10/16/2024;153.10
10/15/2024;155.10
10/14/2024;151.12
10/11/2024;151.12
10/10/2024;149.23
10/09/2024;150.41
10/08/2024;146.30
10/07/2024;143.49
10/04/2024;151.09
10/03/2024;151.09
10/02/2024;151.09
10/01/2024;153.03
09/30/2024;153.03
09/27/2024;153.16
09/26/2024;158.06
09/25/2024;155.01
09/24/2024;155.06
09/23/2024;155.06
09/20/2024;136.45
09/19/2024;147.36
09/18/2024;147.36
09/17/2024;151.22
09/16/2024;152.18
09/13/2024;152.23
09/12/2024;154.25
09/11/2024;157.07
09/10/2024;154.20
09/09/2024;156.07
09/06/2024;154.18
09/05/2024;154.06
09/04/2024;158.07
09/03/2024;149.28
09/02/2024;149.31
08/30/2024;144.87
08/29/2024;143.87
08/28/2024;141.89
08/27/2024;142.90
08/26/2024;145.24
08/23/2024;145.24
08/22/2024;146.26
08/21/2024;147.19
08/20/2024;145.30
08/19/2024;151.15
08/16/2024;150.34
08/15/2024;156.13
08/14/2024;160.92
08/13/2024;164.89
08/12/2024;163.96
08/09/2024;165.03
08/08/2024;170.90
08/07/2024;175.96
08/06/2024;176.81
08/05/2024;170.45
08/02/2024;162.89
08/01/2024;158.01
07/31/2024;156.16
07/30/2024;156.16
07/29/2024;155.11
07/26/2024;158.12
07/25/2024;159.08
07/24/2024;153.17
07/23/2024;153.22
07/22/2024;157.20
07/19/2024;152.22
07/18/2024;152.22
07/17/2024;148.24
07/16/2024;148.28
07/15/2024;145.28
07/12/2024;148.12
07/11/2024;147.29
07/10/2024;153.20
07/09/2024;153.21
07/08/2024;156.00
07/05/2024;162.03
07/04/2024;161.94
07/03/2024;168.84
07/02/2024;169.03
07/01/2024;169.97
06/28/2024;166.94
06/27/2024;164.14
06/26/2024;160.11
06/25/2024;161.07
06/24/2024;165.01
06/21/2024;162.10
06/20/2024;158.15
06/19/2024;158.04
06/18/2024;159.23
06/17/2024;158.11
06/14/2024;152.98
06/13/2024;200.49
06/12/2024;149.25
06/11/2024;146.37
06/10/2024;146.53
06/07/2024;144.37
06/06/2024;143.35
06/05/2024;144.80
06/04/2024;141.83
06/03/2024;143.35
05/31/2024;197.94
05/30/2024;197.96
05/29/2024;146.40
05/28/2024;146.34
05/27/2024;146.34
05/24/2024;148.38
05/23/2024;144.41
05/22/2024;140.40
05/21/2024;140.45
05/20/2024;139.47
05/17/2024;140.48
05/16/2024;141.29
05/15/2024;99.37
05/14/2024;138.93
05/13/2024;139.47
05/10/2024;138.42
05/09/2024;138.47
05/08/2024;135.48
05/07/2024;135.48
05/06/2024;137.36
05/03/2024;142.28
05/02/2024;144.23
05/01/2024;149.32
04/30/2024;146.24
04/29/2024;150.21
04/26/2024;154.24
04/25/2024;151.24
04/24/2024;152.14
04/23/2024;157.09
04/22/2024;162.02
04/19/2024;163.10
04/18/2024;161.94
04/17/2024;162.11
04/16/2024;159.15
04/15/2024;153.11
04/12/2024;148.26
04/11/2024;146.58
04/10/2024;142.30
04/09/2024;144.38
04/08/2024;147.40
04/05/2024;148.26
04/04/2024;145.31
04/03/2024;143.36
04/02/2024;140.51
04/01/2024;138.42
03/29/2024;138.47
03/28/2024;135.45
03/27/2024;133.48
03/26/2024;133.54
03/25/2024;135.42
03/22/2024;131.53
03/21/2024;135.41
03/20/2024;124.67
03/19/2024;124.70
03/18/2024;124.71
03/15/2024;123.75
03/14/2024;120.76
03/13/2024;124.72
03/12/2024;128.65
03/11/2024;129.60
03/08/2024;127.61
03/07/2024;128.63
03/06/2024;127.60
03/05/2024;124.71
03/04/2024;124.63
03/01/2024;124.66
02/29/2024;126.63
02/28/2024;126.66
02/27/2024;123.70
02/26/2024;122.68
02/23/2024;125.68
02/22/2024;132.58
02/21/2024;133.51
02/20/2024;130.57
02/19/2024;130.60
02/16/2024;131.53
02/15/2024;132.46
02/14/2024;135.63
02/13/2024;134.46
02/12/2024;135.49
02/09/2024;135.49
02/08/2024;133.51
02/07/2024;135.39
02/06/2024;137.53
02/05/2024;135.62
02/02/2024;135.41
02/01/2024;139.30
01/31/2024;136.49
01/30/2024;136.39
01/29/2024;137.46
01/26/2024;139.32
01/25/2024;140.41
01/24/2024;140.39
01/23/2024;135.43
01/22/2024;131.55
01/19/2024;132.51
01/18/2024;132.59
01/17/2024;130.58
01/16/2024;128.56
01/15/2024;128.48
01/12/2024;131.40
01/11/2024;132.46
01/10/2024;137.38
01/09/2024;139.33
01/08/2024;141.34
01/05/2024;142.37
01/04/2024;143.28
01/03/2024;139.43
01/02/2024;131.47
01/01/2024;131.47
12/29/2023;132.49
12/28/2023;132.40
12/27/2023;132.46
12/26/2023;132.45
12/25/2023;132.45
12/22/2023;134.41
12/21/2023;135.35
12/20/2023;135.39
12/19/2023;136.40
12/18/2023;137.41
12/15/2023;136.32
12/14/2023;140.06
12/13/2023;145.20
12/12/2023;145.21
12/11/2023;147.31
12/08/2023;148.14
12/07/2023;149.13
12/06/2023;146.12
12/05/2023;142.32
12/04/2023;153.55
12/01/2023;146.24
11/30/2023;142.17
11/29/2023;145.08
11/28/2023;146.11
11/27/2023;147.21
11/24/2023;147.19
11/23/2023;147.18
11/22/2023;146.12
11/21/2023;147.12
11/20/2023;152.04
11/17/2023;154.82
11/16/2023;157.05
11/15/2023;158.54
11/14/2023;165.71
11/13/2023;163.76
11/10/2023;166.87
11/09/2023;163.75
11/08/2023;165.64
11/07/2023;166.80
11/06/2023;160.56
11/03/2023;165.65
11/02/2023;174.18
11/01/2023;182.29
10/31/2023;183.28
10/30/2023;186.08
10/27/2023;185.93
10/26/2023;186.28
10/25/2023;184.22
10/24/2023;188.01
10/23/2023;190.82
10/20/2023;189.03
10/19/2023;185.23
10/18/2023;181.48
10/17/2023;179.36
10/16/2023;183.11
10/13/2023;180.41
10/12/2023;178.27
10/11/2023;180.92
10/10/2023;189.64
10/09/2023;190.10
10/06/2023;193.77
10/05/2023;194.64
10/04/2023;199.88
10/03/2023;190.24
10/02/2023;186.07
09/29/2023;185.00
09/28/2023;189.21
09/27/2023;185.15
09/26/2023;182.30
09/25/2023;180.20
09/22/2023;183.28
09/21/2023;180.37
09/20/2023;179.98
09/19/2023;163.82
09/18/2023;165.82
09/15/2023;165.82
09/14/2023;168.68
09/13/2023;171.71
09/12/2023;169.70
09/11/2023;168.75
09/08/2023;170.57
09/07/2023;171.77
09/06/2023;167.85
09/05/2023;164.81
09/04/2023;164.81
09/01/2023;167.67
08/31/2023;162.81
08/30/2023;163.62
08/29/2023;166.69
08/28/2023;173.67
08/25/2023;178.60
08/24/2023;176.37
08/23/2023;185.42
08/22/2023;188.45
08/21/2023;188.24
08/18/2023;186.29
08/17/2023;180.51
08/16/2023;180.46
08/15/2023;175.61
08/14/2023;170.72
08/11/2023;170.64
08/10/2023;173.55
08/09/2023;172.46
08/08/2023;171.54
08/07/2023;172.32
08/04/2023;174.57
08/03/2023;172.48
08/02/2023;165.75
08/01/2023;163.69
07/31/2023;162.65
07/28/2023;162.85
07/27/2023;164.56
07/26/2023;169.51
07/25/2023;170.53
07/24/2023;172.41
07/21/2023;175.50
07/20/2023;173.34
07/19/2023;175.32
07/18/2023;176.25
07/17/2023;177.48
07/14/2023;172.11
07/13/2023;175.97
07/12/2023;181.14
07/11/2023;180.95
07/10/2023;180.11
07/07/2023;181.30
07/06/2023;176.78
07/05/2023;174.22
07/04/2023;174.39
07/03/2023;173.35
06/30/2023;179.92
06/29/2023;178.09
06/28/2023;177.36
06/27/2023;178.12
06/26/2023;176.63
06/23/2023;174.41
06/22/2023;177.19
06/21/2023;180.03
06/20/2023;182.12
06/19/2023;182.19
06/16/2023;182.84
06/15/2023;186.99
06/14/2023;188.12
06/13/2023;190.71
06/12/2023;192.90
06/09/2023;194.54
06/08/2023;195.73
06/07/2023;196.58
06/06/2023;199.40
06/05/2023;201.82
06/02/2023;205.18
06/01/2023;209.05
05/31/2023;206.96
05/30/2023;207.24
05/29/2023;207.39
05/26/2023;211.42
05/25/2023;213.13
05/24/2023;213.02
05/23/2023;214.13
05/22/2023;215.15
05/19/2023;218.45
05/18/2023;237.45
05/17/2023;221.91
05/16/2023;221.95
05/15/2023;221.99
05/12/2023;222.02
05/11/2023;222.06
05/10/2023;225.47
05/09/2023;222.01
05/08/2023;221.17
05/05/2023;225.55
05/04/2023;219.48
05/03/2023;217.34
05/02/2023;213.38
05/01/2023;216.74
04/28/2023;224.79
04/27/2023;227.76
04/26/2023;226.93
04/25/2023;225.45
04/24/2023;226.72
04/21/2023;226.31
04/20/2023;221.97
04/19/2023;216.94
04/18/2023;214.32
04/17/2023;214.35
04/14/2023;215.06
04/13/2023;224.82
04/12/2023;224.80
04/11/2023;230.65
04/10/2023;230.97
04/07/2023;230.56
04/06/2023;227.45
04/05/2023;223.26
04/04/2023;220.62
04/03/2023;221.56
03/31/2023;228.50
03/30/2023;233.46
03/29/2023;237.40
03/28/2023;237.91
03/27/2023;244.86
03/24/2023;247.38
03/23/2023;243.19
03/22/2023;246.76
03/21/2023;259.10
03/20/2023;279.65
03/17/2023;238.77
03/16/2023;243.07
03/15/2023;234.38
03/14/2023;224.53
03/13/2023;224.50
03/10/2023;219.13
03/09/2023;215.71
03/08/2023;214.88
03/07/2023;207.82
03/06/2023;214.46
03/03/2023;223.49
03/02/2023;225.61
03/01/2023;229.30
02/28/2023;229.17
02/27/2023;232.54
02/24/2023;229.15
02/23/2023;235.10
02/22/2023;237.45
02/21/2023;228.14
02/20/2023;228.10
02/17/2023;222.38
02/16/2023;219.44
02/15/2023;222.68
02/14/2023;227.20
02/13/2023;232.21
02/10/2023;231.26
02/09/2023;228.06
02/08/2023;223.30
02/07/2023;227.67
02/06/2023;220.84
02/03/2023;214.48
02/02/2023;220.06
02/01/2023;226.89
01/31/2023;232.09
01/30/2023;228.08
01/27/2023;234.07
01/26/2023;238.66
01/25/2023;236.65
01/24/2023;240.87
01/23/2023;242.84
01/20/2023;242.75
01/19/2023;235.40
01/18/2023;238.65
01/17/2023;238.71
01/16/2023;238.89
01/13/2023;240.32
01/12/2023;243.39
01/11/2023;247.60
01/10/2023;247.31
01/09/2023;244.78
01/06/2023;258.45
01/05/2023;254.98
01/04/2023;253.90
01/03/2023;250.25
01/02/2023;250.46
12/30/2022;250.26
12/29/2022;251.35
12/28/2022;251.49
12/27/2022;252.20
12/26/2022;252.43
12/23/2022;251.41
12/22/2022;250.23
12/21/2022;257.33
12/20/2022;258.38
12/19/2022;254.14
12/16/2022;248.40
12/15/2022;243.30
12/14/2022;241.03
12/13/2022;244.56
12/12/2022;236.80
12/09/2022;239.82
12/08/2022;242.18
12/07/2022;245.26
12/06/2022;243.00
12/05/2022;231.74
12/02/2022;237.18
12/01/2022;252.93
11/30/2022;253.23
11/29/2022;261.73
11/28/2022;256.92
11/25/2022;256.78
11/24/2022;256.81
11/23/2022;261.15
11/22/2022;260.95
11/21/2022;268.00
11/18/2022;263.19
11/17/2022;260.68
11/16/2022;254.30
11/15/2022;254.05
11/14/2022;265.69
11/11/2022;264.41
11/10/2022;262.37
11/09/2022;256.90
11/08/2022;256.62
11/07/2022;256.62
11/04/2022;266.91
11/03/2022;268.75
11/02/2022;273.21
11/01/2022;272.61
10/31/2022;272.80
10/28/2022;279.51
10/27/2022;280.77
10/26/2022;276.77
10/25/2022;280.08
10/24/2022;284.24
10/21/2022;292.16
10/20/2022;295.23
10/19/2022;292.49
10/18/2022;301.14
10/17/2022;307.39
10/14/2022;300.10
10/13/2022;297.25
10/12/2022;294.61
10/11/2022;294.85
10/10/2022;294.93
10/07/2022;285.27
10/06/2022;284.26
10/05/2022;277.75
10/04/2022;282.23
10/03/2022;307.49
09/30/2022;306.56
09/29/2022;292.49
09/28/2022;308.84
09/27/2022;295.38
09/26/2022;278.57
09/23/2022;264.31
09/22/2022;261.06
09/21/2022;261.07
09/20/2022;236.32
09/19/2022;242.17
09/16/2022;242.17
09/15/2022;240.17
09/14/2022;232.27
09/13/2022;256.67
09/12/2022;232.27
09/09/2022;257.07
09/08/2022;256.67
09/07/2022;257.67
09/06/2022;257.07
09/05/2022;256.67
09/02/2022;256.67
09/01/2022;259.54
08/31/2022;257.55
08/30/2022;257.67
08/29/2022;256.57
08/26/2022;249.48
08/25/2022;251.73
08/24/2022;256.45
08/23/2022;271.52
08/22/2022;261.56
08/19/2022;251.43
08/18/2022;250.93
08/17/2022;245.87
08/16/2022;241.60
08/15/2022;238.83
08/12/2022;248.75
08/11/2022;247.48
08/10/2022;264.33
08/09/2022;259.02
08/08/2022;270.81
08/05/2022;268.77
08/04/2022;273.80
08/03/2022;281.51
08/02/2022;271.78
08/01/2022;269.87
07/29/2022;275.16
07/28/2022;280.26
07/27/2022;295.32
07/26/2022;287.54
07/25/2022;293.48
07/22/2022;291.40
07/21/2022;295.23
07/20/2022;309.25
07/19/2022;322.72
07/18/2022;320.31
07/15/2022;324.60
07/14/2022;314.97
07/13/2022;306.75
07/12/2022;295.93
07/11/2022;286.91
07/08/2022;286.79
07/07/2022;300.90
07/06/2022;297.88
07/05/2022;288.31
07/04/2022;290.31
07/01/2022;290.81
06/30/2022;292.02
06/29/2022;297.22
06/28/2022;281.34
06/27/2022;281.74
06/24/2022;289.06
06/23/2022;284.79
06/22/2022;276.63
06/21/2022;261.49
06/20/2022;261.19
06/17/2022;260.89
06/16/2022;261.29
06/15/2022;274.22
06/14/2022;270.18
06/13/2022;255.26
06/10/2022;248.73
06/09/2022;241.88
06/08/2022;236.76
06/07/2022;235.24
06/06/2022;229.19
06/03/2022;225.17
06/02/2022;222.55
06/01/2022;222.37
05/31/2022;220.51
05/30/2022;220.28
05/27/2022;222.22
05/26/2022;227.08
05/25/2022;238.49
05/24/2022;239.12
05/23/2022;246.59
05/20/2022;245.55
05/19/2022;244.60
05/18/2022;236.45
05/17/2022;239.68
05/16/2022;238.05
05/13/2022;242.39
05/12/2022;241.79
05/11/2022;241.79
05/10/2022;244.26
05/09/2022;234.20
05/06/2022;221.04
05/05/2022;221.04
05/04/2022;228.25
05/03/2022;232.24
05/02/2022;229.56
04/29/2022;219.08
04/28/2022;222.62
04/27/2022;225.88
04/26/2022;219.19
04/25/2022;220.38
04/22/2022;213.86
04/21/2022;208.60
04/20/2022;212.01
04/19/2022;217.11
04/18/2022;216.49
04/15/2022;216.74
04/14/2022;214.47
04/13/2022;217.17
04/12/2022;218.48
04/11/2022;212.81
04/08/2022;209.63
04/07/2022;206.65
04/06/2022;204.13
04/05/2022;200.76
04/04/2022;204.30
04/01/2022;205.95
03/31/2022;203.83
03/30/2022;201.03
03/29/2022;207.96
03/28/2022;211.25
03/25/2022;213.89
03/24/2022;218.31
03/23/2022;214.81
03/22/2022;218.07
03/21/2022;201.50
03/18/2022;201.49
03/17/2022;206.59
03/16/2022;218.46
03/15/2022;222.37
03/14/2022;223.05
03/11/2022;216.24
03/10/2022;216.28
03/09/2022;225.06
03/08/2022;230.89
03/07/2022;224.74
03/04/2022;218.08
03/03/2022;221.58
03/02/2022;224.39
03/01/2022;220.63
02/28/2022;218.17
02/25/2022;223.94
02/24/2022;228.09
02/23/2022;224.19
02/22/2022;224.92
02/21/2022;224.87
02/18/2022;221.91
02/17/2022;217.99
02/16/2022;222.06
02/15/2022;227.19
02/14/2022;228.49
02/11/2022;221.61
02/10/2022;214.30
02/09/2022;219.27
02/08/2022;220.11
02/07/2022;220.48
02/04/2022;217.37
02/03/2022;212.23
02/02/2022;215.20
02/01/2022;224.00
01/31/2022;226.81
01/28/2022;226.01
01/27/2022;223.35
01/26/2022;222.06
01/25/2022;220.93
01/24/2022;217.96
01/21/2022;224.21
01/20/2022;220.24
01/19/2022;224.21
01/18/2022;220.25
01/17/2022;220.24
01/14/2022;217.00
01/13/2022;208.31
01/12/2022;208.27
01/11/2022;211.35
01/10/2022;210.34
01/07/2022;209.45
01/06/2022;209.47
01/05/2022;202.46
01/04/2022;199.75
01/03/2022;201.50
12/31/2021;201.86
12/30/2021;203.99
12/29/2021;204.28
12/28/2021;205.15
12/27/2021;205.91
12/24/2021;208.73
12/23/2021;209.06
12/22/2021;215.40
12/21/2021;217.97
12/20/2021;223.04
12/17/2021;221.20
12/16/2021;218.52
12/15/2021;218.92
12/14/2021;220.79
12/13/2021;219.38
12/10/2021;218.19
12/09/2021;218.58
12/08/2021;212.52
12/07/2021;217.88
12/06/2021;229.76
12/03/2021;234.14
12/02/2021;235.08
12/01/2021;245.26
11/30/2021;254.26
11/29/2021;253.52
11/26/2021;263.45
11/25/2021;245.43
11/24/2021;245.42
11/23/2021;243.37
11/22/2021;238.56
11/19/2021;234.70
11/18/2021;234.93
11/17/2021;236.21
11/16/2021;234.88
11/15/2021;233.22
11/12/2021;232.39
11/11/2021;233.95
11/10/2021;234.08
11/09/2021;231.10
11/08/2021;232.54
11/05/2021;233.18
11/04/2021;237.68
11/03/2021;247.93
11/02/2021;250.17
11/01/2021;248.54
10/29/2021;244.17
10/28/2021;231.88
10/27/2021;226.61
10/26/2021;224.06
10/25/2021;224.29
10/22/2021;235.90
10/21/2021;223.73
10/20/2021;210.71
10/19/2021;207.86
10/18/2021;202.32
10/15/2021;200.05
10/14/2021;201.53
10/13/2021;207.70
10/12/2021;208.23
10/11/2021;203.27
10/08/2021;203.26
10/07/2021;202.00
10/06/2021;205.82
10/05/2021;204.71
10/04/2021;205.54
10/01/2021;201.16
09/30/2021;203.00
09/29/2021;203.10
09/28/2021;204.67
09/27/2021;199.70
09/24/2021;197.22
09/23/2021;192.07
09/22/2021;193.08
09/21/2021;194.64
09/20/2021;196.70
09/17/2021;178.41
09/16/2021;177.52
09/15/2021;176.88
09/14/2021;177.47
09/13/2021;177.01
09/10/2021;176.39
09/09/2021;180.46
09/08/2021;178.45
09/07/2021;174.87
09/06/2021;173.60
09/03/2021;173.60
09/02/2021;173.90
09/01/2021;175.31
08/31/2021;174.68
08/30/2021;172.98
08/27/2021;175.64
08/26/2021;179.74
08/25/2021;179.95
08/24/2021;182.76
08/23/2021;186.29
08/20/2021;188.03
08/19/2021;188.20
08/18/2021;184.05
08/17/2021;180.91
08/16/2021;178.34
08/13/2021;177.42
08/12/2021;178.02
08/11/2021;181.89
08/10/2021;183.69
08/09/2021;183.07
08/06/2021;181.23
08/05/2021;179.82
08/04/2021;177.58
08/03/2021;176.77
08/02/2021;175.79
07/30/2021;174.64
07/29/2021;171.45
07/28/2021;174.65
07/27/2021;175.18
07/26/2021;172.42
07/23/2021;171.54
07/22/2021;172.53
07/21/2021;172.49
07/20/2021;174.67
07/19/2021;178.21
07/16/2021;173.17
07/15/2021;173.37
07/14/2021;171.63
07/13/2021;175.90
07/12/2021;172.62
07/09/2021;172.65
07/08/2021;173.65
07/07/2021;169.65
07/06/2021;168.01
07/05/2021;164.31
07/02/2021;164.28
07/01/2021;165.52
06/30/2021;164.47
06/29/2021;159.59
06/28/2021;157.82
06/25/2021;157.19
06/24/2021;159.04
06/23/2021;161.74
06/22/2021;163.97
06/21/2021;164.83
06/18/2021;166.21
06/17/2021;163.41
06/16/2021;163.38
06/15/2021;161.91
06/14/2021;161.35
06/11/2021;158.89
06/10/2021;158.91
06/09/2021;159.33
06/08/2021;160.86
06/07/2021;161.74
06/04/2021;162.23
06/03/2021;164.37
06/02/2021;163.22
06/01/2021;166.96
05/31/2021;170.81
05/28/2021;170.79
05/27/2021;171.60
05/26/2021;174.43
05/25/2021;176.09
05/24/2021;176.49
05/21/2021;177.11
05/20/2021;176.42
05/19/2021;180.21
05/18/2021;178.01
05/17/2021;175.88
05/14/2021;174.44
05/13/2021;176.66
05/12/2021;177.79
05/11/2021;173.38
05/10/2021;171.28
05/07/2021;174.98
05/06/2021;183.39
05/05/2021;190.11
05/04/2021;192.77
05/03/2021;190.78
04/30/2021;189.56
04/29/2021;188.89
04/28/2021;191.51
04/27/2021;192.97
04/26/2021;189.79
04/23/2021;188.63
04/22/2021;191.54
04/21/2021;195.56
04/20/2021;197.13
04/19/2021;194.66
04/16/2021;199.09
04/15/2021;206.47
04/14/2021;214.27
04/13/2021;216.86
04/12/2021;219.16
04/09/2021;218.70
04/08/2021;218.14
04/07/2021;220.98
04/06/2021;216.30
04/05/2021;220.96
04/02/2021;221.19
04/01/2021;220.80
03/31/2021;221.50
03/30/2021;228.15
03/29/2021;225.06
03/26/2021;218.24
03/25/2021;216.54
03/24/2021;207.98
03/23/2021;203.10
03/22/2021;196.62
03/19/2021;190.08
03/18/2021;195.06
03/17/2021;193.84
03/16/2021;198.00
03/15/2021;200.18
03/12/2021;198.60
03/11/2021;195.99
03/10/2021;208.78
03/09/2021;211.61
03/08/2021;212.29
03/05/2021;194.22
03/04/2021;193.69
03/03/2021;191.41
03/02/2021;192.99
03/01/2021;183.74
02/26/2021;193.87
02/25/2021;185.01
02/24/2021;170.73
02/23/2021;175.63
02/22/2021;180.89
02/19/2021;162.07
02/18/2021;158.82
02/17/2021;157.59
02/16/2021;155.34
02/15/2021;153.06
02/12/2021;152.80
02/11/2021;152.98
02/10/2021;154.98
02/09/2021;155.61
02/08/2021;149.03
02/05/2021;147.62
02/04/2021;149.16
02/03/2021;152.16
02/02/2021;156.92
02/01/2021;166.22
01/29/2021;171.67
01/28/2021;170.14
01/27/2021;176.81
01/26/2021;175.24
01/25/2021;176.90
01/22/2021;171.93
01/21/2021;168.63
01/20/2021;165.74
01/19/2021;168.21
01/18/2021;167.76
01/15/2021;167.76
01/14/2021;159.35
01/13/2021;157.69
01/12/2021;161.44
01/11/2021;160.36
01/08/2021;155.00
01/07/2021;151.74
01/06/2021;146.89
01/05/2021;146.40
01/04/2021;140.98
01/01/2021;141.60
12/31/2020;141.60
12/30/2020;142.23
12/29/2020;142.48
12/28/2020;144.10
12/25/2020;144.83
12/24/2020;144.83
12/23/2020;146.88
12/22/2020;149.27
12/21/2020;150.62
12/18/2020;148.76
12/17/2020;146.86
12/16/2020;148.73
12/15/2020;149.23
12/14/2020;150.42
12/11/2020;153.70
12/10/2020;153.47
12/09/2020;154.62
12/08/2020;154.22
12/07/2020;154.34
12/04/2020;151.93
12/03/2020;152.92
12/02/2020;155.73
12/01/2020;155.96
11/30/2020;165.49
11/27/2020;163.86
11/26/2020;166.37
11/25/2020;166.36
11/24/2020;167.08
11/23/2020;171.67
11/20/2020;172.51
11/19/2020;173.74
11/18/2020;173.02
11/17/2020;176.21
11/16/2020;175.44
11/13/2020;179.67
11/12/2020;177.34
11/10/2020;165.70
11/09/2020;164.74
11/06/2020;186.94
11/05/2020;191.59
11/04/2020;203.68
11/03/2020;209.43
11/02/2020;215.51
10/30/2020;215.33
10/29/2020;216.12
10/28/2020;218.31
10/27/2020;210.48
10/26/2020;212.26
10/23/2020;209.65
10/22/2020;214.22
10/21/2020;212.68
10/20/2020;215.38
10/19/2020;217.28
10/16/2020;217.11
10/15/2020;221.20
10/14/2020;220.32
10/13/2020;216.48
10/12/2020;213.87
10/09/2020;213.87
10/08/2020;221.13
10/07/2020;224.85
10/06/2020;228.85
10/05/2020;231.25
10/02/2020;243.61
10/01/2020;243.54
09/30/2020;246.93
09/29/2020;251.11
09/28/2020;247.14
09/25/2020;248.51
09/24/2020;251.06
09/23/2020;242.61
09/22/2020;232.23
09/21/2020;227.32
09/18/2020;201.34
09/17/2020;197.04
09/16/2020;195.69
09/15/2020;196.27
09/14/2020;198.96
09/11/2020;200.64
09/10/2020;198.98
09/09/2020;205.43
09/08/2020;210.54
09/07/2020;204.94
09/04/2020;204.94
09/03/2020;199.94
09/02/2020;193.64
09/01/2020;200.77
08/31/2020;212.01
08/28/2020;211.64
08/27/2020;220.29
08/26/2020;222.19
08/25/2020;212.88
08/24/2020;216.06
08/21/2020;222.69
08/20/2020;231.67
08/19/2020;224.12
08/18/2020;222.45
08/17/2020;227.99
08/14/2020;224.74
08/13/2020;218.42
08/12/2020;207.07
08/11/2020;204.89
08/10/2020;208.77
08/07/2020;213.32
08/06/2020;213.36
08/05/2020;216.25
08/04/2020;218.87
08/03/2020;215.17
07/31/2020;215.22
07/30/2020;219.16
07/29/2020;216.21
07/28/2020;221.25
07/27/2020;220.85
07/24/2020;225.20
07/23/2020;216.17
07/22/2020;201.01
07/21/2020;209.02
07/20/2020;221.29
07/17/2020;228.46
07/16/2020;237.63
07/15/2020;234.85
07/14/2020;237.13
07/13/2020;234.94
07/10/2020;238.30
07/09/2020;235.42
07/08/2020;231.49
07/07/2020;226.57
07/06/2020;222.03
07/03/2020;224.18
07/02/2020;224.97
07/01/2020;234.78
06/30/2020;251.36
06/29/2020;260.05
06/26/2020;262.94
06/25/2020;256.18
06/24/2020;258.13
06/23/2020;246.38
06/22/2020;259.09
06/19/2020;259.07
06/18/2020;260.66
06/17/2020;253.98
06/16/2020;243.93
06/15/2020;258.09
06/12/2020;260.99
06/11/2020;270.69
06/10/2020;221.30
06/09/2020;217.14
06/08/2020;205.49
06/05/2020;202.70
06/04/2020;224.57
06/03/2020;223.91
06/02/2020;241.32
06/01/2020;270.34
05/29/2020;284.79
05/28/2020;265.58
05/27/2020;265.58
05/26/2020;270.45
05/25/2020;304.02
05/22/2020;304.01
05/21/2020;294.30
05/20/2020;308.86
05/19/2020;323.27
05/18/2020;318.65
05/15/2020;337.89
05/14/2020;337.79
05/13/2020;338.16
05/12/2020;323.49
05/11/2020;309.10
05/08/2020;309.05
05/07/2020;318.32
05/06/2020;323.45
05/05/2020;308.93
05/04/2020;313.44
05/01/2020;313.47
04/30/2020;298.91
04/29/2020;313.32
04/28/2020;346.99
04/27/2020;366.65
04/24/2020;361.62
04/23/2020;323.12
04/22/2020;313.31
04/21/2020;313.29
04/20/2020;289.23
04/17/2020;284.44
04/16/2020;294.16
04/15/2020;289.13
04/14/2020;265.13
04/13/2020;265.09
04/10/2020;255.18
04/09/2020;255.18
04/08/2020;313.47
04/07/2020;313.52
04/06/2020;332.88
04/03/2020;347.10
04/02/2020;327.84
04/01/2020;327.79
03/31/2020;264.85
03/30/2020;264.87
03/27/2020;259.81
03/26/2020;226.04
03/25/2020;221.19
03/24/2020;298.41
03/23/2020;360.56
03/20/2020;340.53
03/19/2020;342.55
03/18/2020;376.53
03/17/2020;300.18
03/16/2020;311.92
03/13/2020;248.92
03/12/2020;290.10
03/11/2020;222.12
03/10/2020;173.65
03/09/2020;142.14
03/06/2020;142.15
03/05/2020;132.35
03/04/2020;110.49
03/03/2020;120.54
03/02/2020;125.25
02/28/2020;134.66
02/27/2020;124.91
02/26/2020;110.76
02/25/2020;106.95
02/24/2020;99.46
02/21/2020;92.96
02/20/2020;92.52
02/19/2020;92.06
02/18/2020;92.51
02/17/2020;93.26
02/14/2020;93.26
02/13/2020;97.02
02/12/2020;96.89
02/11/2020;97.98
02/10/2020;100.09
02/07/2020;100.34
02/06/2020;96.37
02/05/2020;96.06
02/04/2020;98.72
02/03/2020;102.67
01/31/2020;104.56
01/30/2020;100.52
01/29/2020;96.18
01/28/2020;99.19
01/27/2020;106.47
01/24/2020;101.90
01/23/2020;99.50
01/22/2020;98.02
01/21/2020;98.62
01/20/2020;97.88
01/17/2020;97.88
01/16/2020;97.11
01/15/2020;100.20
01/14/2020;101.08
01/13/2020;99.98
01/10/2020;98.81
01/09/2020;97.11
01/08/2020;97.34
01/07/2020;98.68
01/06/2020;98.42
01/03/2020;99.38
01/02/2020;97.45
01/01/2020;99.11
12/31/2019;99.11
12/30/2019;99.52
12/27/2019;99.97
12/26/2019;102.01
12/25/2019;103.40
12/24/2019;103.40
12/23/2019;103.51
12/20/2019;103.58
12/19/2019;103.16
12/18/2019;98.62
12/17/2019;96.80
12/16/2019;97.29
12/13/2019;100.77
12/12/2019;101.23
12/11/2019;108.38
12/10/2019;113.99
12/09/2019;116.47
12/06/2019;117.42
12/05/2019;120.63
12/04/2019;122.18
12/03/2019;124.92
12/02/2019;124.88
11/29/2019;124.14
11/28/2019;123.59
11/27/2019;123.59
11/26/2019;123.36
11/25/2019;123.97
11/22/2019;124.06
11/21/2019;126.63
11/20/2019;127.86
11/19/2019;126.33
11/18/2019;123.73
11/15/2019;121.53
11/14/2019;121.45
11/13/2019;120.63
11/12/2019;120.18
11/11/2019;117.18
11/08/2019;117.18
11/07/2019;115.76
11/06/2019;118.61
11/05/2019;115.25
11/04/2019;114.94
11/01/2019;116.67
10/31/2019;121.31
10/30/2019;118.03
10/29/2019;117.14
10/28/2019;117.15
10/25/2019;118.71
10/24/2019;121.54
10/23/2019;123.49
10/22/2019;126.50
10/21/2019;127.45
10/18/2019;128.81
10/17/2019;129.69
10/16/2019;131.31
10/15/2019;130.93
10/14/2019;133.37
10/11/2019;133.37
10/10/2019;137.13
10/09/2019;139.80
10/08/2019;142.43
10/07/2019;139.21
10/04/2019;137.20
10/03/2019;137.11
10/02/2019;138.74
10/01/2019;136.22
09/30/2019;136.23
09/27/2019;137.19
09/26/2019;136.52
09/25/2019;137.09
09/24/2019;137.11
09/23/2019;130.60
09/20/2019;130.44
09/19/2019;118.04
09/18/2019;119.58
09/17/2019;119.63
09/16/2019;121.57
09/13/2019;123.07
09/12/2019;123.07
09/11/2019;123.90
09/10/2019;122.61
09/09/2019;123.57
09/06/2019;123.49
09/05/2019;125.70
09/04/2019;126.51
09/03/2019;131.74
09/02/2019;133.67
08/30/2019;133.68
08/29/2019;138.16
08/28/2019;139.53
08/27/2019;140.33
08/26/2019;141.03
08/23/2019;136.78
08/22/2019;135.52
08/21/2019;136.50
08/20/2019;138.81
08/19/2019;138.41
08/16/2019;137.47
08/15/2019;140.05
08/14/2019;141.29
08/13/2019;132.54
08/12/2019;136.50
08/09/2019;130.06
08/08/2019;129.46
08/07/2019;138.54
08/06/2019;137.49
08/05/2019;142.45
08/02/2019;132.22
08/01/2019;126.98
07/31/2019;126.20
07/30/2019;125.47
07/29/2019;124.07
07/26/2019;123.16
07/25/2019;124.30
07/24/2019;125.29
07/23/2019;126.67
07/22/2019;127.31
07/19/2019;127.70
07/18/2019;127.98
07/17/2019;128.91
07/16/2019;128.56
07/15/2019;127.35
07/12/2019;127.75
07/11/2019;129.36
07/10/2019;130.24
07/09/2019;135.40
07/08/2019;143.10
07/05/2019;144.69
07/04/2019;146.09
07/03/2019;146.09
07/02/2019;146.35
07/01/2019;146.12
06/28/2019;149.18
06/27/2019;149.35
06/26/2019;151.88
06/25/2019;151.09
06/24/2019;150.34
06/21/2019;148.97
06/20/2019;147.64
06/19/2019;153.66
06/18/2019;157.15
06/17/2019;164.13
06/14/2019;164.14
06/13/2019;162.26
06/12/2019;164.13
06/11/2019;166.12
06/10/2019;167.28
06/07/2019;167.98
06/06/2019;171.98
06/05/2019;172.97
06/04/2019;170.74
06/03/2019;177.61
05/31/2019;178.18
05/30/2019;177.72
05/29/2019;178.81
05/28/2019;178.95
05/27/2019;178.21
05/24/2019;178.20
05/23/2019;179.36
05/22/2019;176.40
05/21/2019;176.09
05/20/2019;182.35
05/17/2019;183.95
05/16/2019;179.41
05/15/2019;171.94
05/14/2019;174.52
05/13/2019;174.75
05/10/2019;170.86
05/09/2019;172.25
05/08/2019;170.95
05/07/2019;174.60
05/06/2019;170.54
05/03/2019;169.43
05/02/2019;173.25
05/01/2019;171.74
04/30/2019;171.47
04/29/2019;171.66
04/26/2019;174.05
04/25/2019;175.36
04/24/2019;174.61
04/23/2019;167.73
04/22/2019;169.52
04/19/2019;170.31
04/18/2019;170.31
04/17/2019;169.75
04/16/2019;166.69
04/15/2019;167.46
04/12/2019;169.46
04/11/2019;169.40
04/10/2019;166.78
04/09/2019;168.77
04/08/2019;169.58
04/05/2019;169.85
04/04/2019;171.05
04/03/2019;168.97
04/02/2019;168.29
04/01/2019;167.97
03/29/2019;174.53
03/28/2019;179.71
03/27/2019;184.74
03/26/2019;171.12
03/25/2019;173.69
03/22/2019;177.23
03/21/2019;161.98
03/20/2019;161.03
03/19/2019;148.22
03/18/2019;152.41
03/15/2019;154.56
03/14/2019;154.93
03/13/2019;154.37
03/12/2019;155.21
03/11/2019;154.87
03/08/2019;163.50
03/07/2019;165.00
03/06/2019;162.60
03/05/2019;160.91
03/04/2019;157.15
03/01/2019;156.43
02/28/2019;153.35
02/27/2019;152.84
02/26/2019;156.00
02/25/2019;158.05
02/22/2019;161.42
02/21/2019;164.94
02/20/2019;163.18
02/19/2019;161.89
02/18/2019;161.88
02/15/2019;161.88
02/14/2019;165.43
02/13/2019;168.67
02/12/2019;168.25
02/11/2019;172.89
02/08/2019;171.21
02/07/2019;167.41
02/06/2019;163.82
02/05/2019;160.27
02/04/2019;164.15
02/01/2019;164.78
01/31/2019;164.10
01/30/2019;167.68
01/29/2019;169.49
01/28/2019;171.01
01/25/2019;169.73
01/24/2019;170.53
01/23/2019;171.79
01/22/2019;175.17
01/21/2019;170.87
01/18/2019;170.87
01/17/2019;178.85
01/16/2019;180.19
01/15/2019;181.75
01/14/2019;182.36
01/11/2019;182.30
01/10/2019;180.94
01/09/2019;177.94
01/08/2019;182.72
01/07/2019;183.15
01/04/2019;188.87
01/03/2019;198.61
01/02/2019;201.29
01/01/2019;205.34
12/31/2018;205.34
12/28/2018;206.74
12/27/2018;209.91
12/26/2018;212.51
12/25/2018;210.78
12/24/2018;210.79
12/21/2018;207.52
12/20/2018;204.74
12/19/2018;197.33
12/18/2018;194.90
12/17/2018;195.17
12/14/2018;196.59
12/13/2018;196.61
12/12/2018;202.87
12/11/2018;204.84
12/10/2018;207.14
12/07/2018;206.15
12/06/2018;209.36
12/05/2018;206.92
12/04/2018;219.62
12/03/2018;205.53
11/30/2018;207.46
11/29/2018;207.44
11/28/2018;207.93
11/27/2018;219.62
11/26/2018;217.22
11/23/2018;213.77
11/22/2018;211.36
11/21/2018;211.38
11/20/2018;213.34
11/19/2018;204.98
11/16/2018;203.98
11/15/2018;205.49
11/14/2018;205.68
11/13/2018;204.69
11/12/2018;197.93
11/09/2018;197.78
11/08/2018;198.00
11/07/2018;192.62
11/06/2018;193.59
11/05/2018;193.07
11/02/2018;195.08
11/01/2018;197.92
10/31/2018;201.42
10/30/2018;203.35
10/29/2018;208.67
10/26/2018;206.61
10/25/2018;208.17
10/24/2018;211.40
10/23/2018;208.05
10/22/2018;208.09
10/19/2018;212.00
10/18/2018;217.57
10/17/2018;207.81
10/16/2018;210.21
10/15/2018;221.34
10/12/2018;221.82
10/11/2018;225.19
10/10/2018;229.56
10/09/2018;218.46
10/08/2018;231.71
10/05/2018;241.93
10/04/2018;243.41
10/03/2018;239.95
10/02/2018;249.82
10/01/2018;261.53
09/28/2018;255.11
09/27/2018;253.52
09/26/2018;256.40
09/25/2018;264.23
09/24/2018;265.18
09/21/2018;257.10
09/20/2018;270.03
09/19/2018;274.29
09/18/2018;276.29
09/17/2018;276.67
09/14/2018;281.13
09/13/2018;277.13
09/12/2018;276.60
09/11/2018;283.99
09/10/2018;275.62
09/07/2018;275.25
09/06/2018;275.58
09/05/2018;287.35
09/04/2018;304.92
09/03/2018;298.99
08/31/2018;298.97
08/30/2018;296.03
08/29/2018;287.29
08/28/2018;285.86
08/27/2018;278.53
08/24/2018;278.93
08/23/2018;275.51
08/22/2018;263.23
08/21/2018;251.20
08/20/2018;241.82
08/17/2018;236.57
08/16/2018;232.17
08/15/2018;239.09
08/14/2018;233.21
08/13/2018;243.46
08/10/2018;235.24
08/09/2018;223.72
08/08/2018;216.50
08/07/2018;213.62
08/06/2018;209.18
08/03/2018;209.16
08/02/2018;213.55
08/01/2018;213.09
07/31/2018;210.65
07/30/2018;208.73
07/27/2018;207.50
07/26/2018;210.67
07/25/2018;212.13
07/24/2018;218.89
07/23/2018;222.58
07/20/2018;222.04
07/19/2018;233.76
07/18/2018;238.21
07/17/2018;240.40
07/16/2018;241.68
07/13/2018;239.65
07/12/2018;244.36
07/11/2018;247.65
07/10/2018;239.48
07/09/2018;244.38
07/06/2018;248.09
07/05/2018;258.81
07/04/2018;260.82
07/03/2018;260.67
07/02/2018;269.46
06/29/2018;267.98
06/28/2018;262.58
06/27/2018;266.84
06/26/2018;257.86
06/25/2018;258.85
06/22/2018;256.97
06/21/2018;260.27
06/20/2018;264.47
06/19/2018;266.77
06/18/2018;272.19
06/15/2018;266.84
06/14/2018;266.36
06/13/2018;257.94
06/12/2018;260.84
06/11/2018;250.19
06/08/2018;247.23
06/07/2018;252.47
06/06/2018;238.65
06/05/2018;232.67
06/04/2018;227.98
06/01/2018;234.76
05/31/2018;228.28
05/30/2018;215.78
05/29/2018;208.62
05/28/2018;189.83
05/25/2018;189.83
05/24/2018;188.63
05/23/2018;185.66
05/22/2018;190.12
05/21/2018;194.00
05/18/2018;202.15
05/17/2018;192.53
05/16/2018;187.22
05/15/2018;186.27
05/14/2018;183.25
05/11/2018;182.70
05/10/2018;180.73
05/09/2018;191.91
05/08/2018;199.66
05/07/2018;188.52
05/04/2018;181.22
05/03/2018;189.71
05/02/2018;181.73
05/01/2018;175.44
04/30/2018;172.51
04/27/2018;167.39
04/26/2018;169.80
04/25/2018;171.09
04/24/2018;170.08
04/23/2018;168.14
04/20/2018;168.87
04/19/2018;166.19
04/18/2018;163.29
04/17/2018;164.71
04/16/2018;166.91
04/13/2018;167.88
04/12/2018;163.54
04/11/2018;164.47
04/10/2018;165.20
04/09/2018;168.10
04/06/2018;165.66
04/05/2018;160.37
04/04/2018;164.24
04/03/2018;163.01
04/02/2018;164.45
03/30/2018;161.53
03/29/2018;161.53
03/28/2018;164.70
03/27/2018;166.10
03/26/2018;165.33
03/23/2018;170.85
03/22/2018;165.52
03/21/2018;158.37
03/20/2018;161.93
03/19/2018;151.78
03/16/2018;145.44
03/15/2018;145.44
03/14/2018;142.98
03/13/2018;143.48
03/12/2018;142.75
03/09/2018;143.43
03/08/2018;150.70
03/07/2018;150.71
03/06/2018;149.50
03/05/2018;151.21
03/02/2018;155.09
03/01/2018;157.95
02/28/2018;155.58
02/27/2018;153.19
02/26/2018;147.80
02/23/2018;152.63
02/22/2018;155.06
02/21/2018;156.57
02/20/2018;155.57
02/19/2018;150.49
02/16/2018;150.49
02/15/2018;151.25
02/14/2018;161.02
02/13/2018;169.23
02/12/2018;168.27
02/09/2018;175.50
02/08/2018;164.87
02/07/2018;152.77
02/06/2018;151.30
02/05/2018;158.03
02/02/2018;149.37
02/01/2018;143.77
01/31/2018;144.02
01/30/2018;144.50
01/29/2018;143.04
01/26/2018;141.08
01/25/2018;142.02
01/24/2018;143.98
01/23/2018;149.35
01/22/2018;147.43
01/19/2018;148.69
01/18/2018;145.75
01/17/2018;145.26
01/16/2018;144.53
01/15/2018;144.51
01/12/2018;144.51
01/11/2018;144.98
01/10/2018;146.21
01/09/2018;145.00
01/08/2018;144.74
01/05/2018;144.74
01/04/2018;146.46
01/03/2018;150.83
01/02/2018;154.24
01/01/2018;160.27
12/29/2017;160.27
12/28/2017;161.51
12/27/2017;161.47
12/26/2017;161.97
12/25/2017;162.46
12/22/2017;162.46
12/21/2017;162.71
12/20/2017;161.73
12/19/2017;162.25
12/18/2017;161.98
12/15/2017;165.35
12/14/2017;167.31
12/13/2017;163.85
12/12/2017;163.87
12/11/2017;164.86
12/08/2017;164.84
12/07/2017;166.29
12/06/2017;161.42
12/05/2017;160.04
12/04/2017;165.16
12/01/2017;168.75
11/30/2017;170.26
11/29/2017;169.03
11/28/2017;163.92
11/27/2017;165.32
11/24/2017;167.08
11/23/2017;168.98
11/22/2017;168.98
11/21/2017;171.94
11/20/2017;173.16
11/17/2017;173.06
11/16/2017;177.72
11/15/2017;183.24
11/14/2017;180.86
11/13/2017;177.72
11/10/2017;178.23
11/09/2017;176.23
11/08/2017;174.56
11/07/2017;177.44
11/06/2017;168.72
11/03/2017;171.41
11/02/2017;168.47
11/01/2017;169.22
10/31/2017;169.44
10/30/2017;171.11
10/27/2017;171.37
10/26/2017;177.98
10/25/2017;171.15
10/24/2017;169.53
10/23/2017;169.68
10/20/2017;167.73
10/19/2017;167.68
10/18/2017;173.30
10/17/2017;174.49
10/16/2017;177.92
10/13/2017;178.33
10/12/2017;181.28
10/11/2017;181.04
10/10/2017;185.14
10/09/2017;183.73
10/06/2017;183.72
10/05/2017;182.36
10/04/2017;183.40
10/03/2017;185.55
10/02/2017;190.40
09/29/2017;191.86
09/28/2017;195.67
09/27/2017;200.07
09/26/2017;199.54
09/25/2017;201.41
09/22/2017;197.56
09/21/2017;200.05
09/20/2017;198.44
09/19/2017;176.60
09/18/2017;176.12
09/15/2017;177.55
09/14/2017;179.98
09/13/2017;179.01
09/12/2017;181.68
09/11/2017;177.85
09/08/2017;178.96
09/07/2017;179.85
09/06/2017;183.35
09/05/2017;185.65
09/04/2017;188.59
09/01/2017;188.58
08/31/2017;192.95
08/30/2017;194.92
08/29/2017;197.27
08/28/2017;198.46
08/25/2017;194.35
08/24/2017;194.41
08/23/2017;195.96
08/22/2017;199.70
08/21/2017;201.34
08/18/2017;198.68
08/17/2017;200.14
08/16/2017;196.31
08/15/2017;197.34
08/14/2017;201.17
08/11/2017;202.03
08/10/2017;204.90
08/09/2017;195.73
08/08/2017;194.30
08/07/2017;190.64
08/04/2017;193.31
08/03/2017;196.45
08/02/2017;199.88
08/01/2017;203.22
07/31/2017;206.41
07/28/2017;211.24
07/27/2017;211.50
07/26/2017;210.22
07/25/2017;213.80
07/24/2017;211.28
07/21/2017;207.37
07/20/2017;206.93
07/19/2017;211.77
07/18/2017;218.21
07/17/2017;219.82
07/14/2017;219.82
07/13/2017;224.71
07/12/2017;225.11
07/11/2017;231.42
07/10/2017;234.58
07/07/2017;237.74
07/06/2017;239.93
07/05/2017;237.24
07/04/2017;236.33
07/03/2017;236.30
06/30/2017;237.03
06/29/2017;238.74
06/28/2017;233.38
06/27/2017;238.76
06/26/2017;232.39
06/23/2017;235.26
06/22/2017;237.85
06/21/2017;241.33
06/20/2017;236.02
06/19/2017;232.16
06/16/2017;235.18
06/15/2017;231.38
06/14/2017;226.42
06/13/2017;231.82
06/12/2017;234.19
06/09/2017;233.50
06/08/2017;232.29
06/07/2017;235.69
06/06/2017;232.22
06/05/2017;233.76
06/02/2017;231.76
06/01/2017;232.31
05/31/2017;231.32
05/30/2017;233.21
05/29/2017;232.22
05/26/2017;232.22
05/25/2017;236.33
05/24/2017;232.14
05/23/2017;235.63
05/22/2017;244.12
05/19/2017;241.28
05/18/2017;263.50
05/17/2017;204.19
05/16/2017;193.75
05/15/2017;195.24
05/12/2017;198.54
05/11/2017;201.24
05/10/2017;204.87
05/09/2017;210.41
05/08/2017;211.82
05/05/2017;208.87
05/04/2017;214.43
05/03/2017;206.73
05/02/2017;207.47
05/01/2017;214.01
04/28/2017;213.49
04/27/2017;216.82
04/26/2017;220.45
04/25/2017;213.62
04/24/2017;213.76
04/21/2017;220.41
04/20/2017;222.66
04/19/2017;223.35
04/18/2017;223.20
04/17/2017;222.32
04/14/2017;222.55
04/13/2017;222.55
04/12/2017;221.76
04/11/2017;221.02
04/10/2017;216.96
04/07/2017;220.92
04/06/2017;220.45
04/05/2017;220.20
04/04/2017;217.85
04/03/2017;219.23
03/31/2017;219.84
03/30/2017;223.30
03/29/2017;222.41
03/28/2017;228.76
03/27/2017;231.29
03/24/2017;230.96
03/23/2017;236.73
03/22/2017;233.27
03/21/2017;232.80
03/20/2017;229.37
03/17/2017;209.20
03/16/2017;213.61
03/15/2017;213.31
03/14/2017;230.84
03/13/2017;228.49
03/10/2017;228.87
03/09/2017;233.80
03/08/2017;234.81
03/07/2017;218.38
03/06/2017;213.99
03/03/2017;213.51
03/02/2017;221.25
03/01/2017;211.72
02/28/2017;220.19
02/27/2017;217.80
02/24/2017;218.60
02/23/2017;216.16
02/22/2017;219.57
02/21/2017;220.12
02/20/2017;227.27
02/17/2017;227.23
02/16/2017;224.75
02/15/2017;217.42
02/14/2017;214.86
02/13/2017;212.30
02/10/2017;221.89
02/09/2017;229.23
02/08/2017;232.88
02/07/2017;238.23
02/06/2017;233.83
02/03/2017;234.87
02/02/2017;238.67
02/01/2017;240.64
01/31/2017;247.20
01/30/2017;246.53
01/27/2017;240.51
01/26/2017;248.15
01/25/2017;247.25
01/24/2017;248.44
01/23/2017;246.80
01/20/2017;248.99
01/19/2017;251.21
01/18/2017;250.16
01/17/2017;245.06
01/16/2017;246.12
01/13/2017;246.19
01/12/2017;250.88
01/11/2017;249.89
01/10/2017;256.64
01/09/2017;253.02
01/06/2017;253.99
01/05/2017;250.93
01/04/2017;258.63
01/03/2017;270.65
01/02/2017;274.38
12/30/2016;274.36
12/29/2016;273.35
12/28/2016;273.34
12/27/2016;274.32
12/26/2016;276.20
12/23/2016;276.18
12/22/2016;276.72
12/21/2016;274.73
12/20/2016;277.19
12/19/2016;283.29
12/16/2016;286.07
12/15/2016;288.12
12/14/2016;290.28
12/13/2016;285.67
12/12/2016;285.12
12/09/2016;286.63
12/08/2016;283.66
12/07/2016;286.43
12/06/2016;292.22
12/05/2016;298.02
12/02/2016;308.80
12/01/2016;307.61
11/30/2016;289.34
11/29/2016;291.62
11/28/2016;294.47
11/25/2016;303.16
11/24/2016;298.41
11/23/2016;298.50
11/22/2016;292.63
11/21/2016;299.82
11/18/2016;305.82
11/17/2016;304.15
11/16/2016;297.27
11/15/2016;288.27
11/14/2016;315.21
11/11/2016;306.56
11/10/2016;306.64
11/09/2016;269.10
11/08/2016;256.55
11/07/2016;262.27
11/04/2016;278.39
11/03/2016;282.29
11/02/2016;283.66
11/01/2016;275.54
10/31/2016;266.50
10/28/2016;269.87
10/27/2016;269.43
10/26/2016;264.18
10/25/2016;258.90
10/24/2016;254.60
10/21/2016;255.50
10/20/2016;256.49
10/19/2016;257.39
10/18/2016;260.71
10/17/2016;264.04
10/14/2016;263.11
10/13/2016;257.77
10/12/2016;258.75
10/11/2016;264.07
10/10/2016;264.96
10/07/2016;264.89
10/06/2016;264.95
10/05/2016;268.77
10/04/2016;271.65
10/03/2016;260.09
09/30/2016;265.89
09/29/2016;270.11
09/28/2016;261.02
09/27/2016;265.32
09/26/2016;271.08
09/23/2016;268.26
09/22/2016;262.03
09/21/2016;264.75
09/20/2016;279.06
09/19/2016;261.72
09/16/2016;268.47
09/15/2016;265.95
09/14/2016;271.76
09/13/2016;266.51
09/12/2016;248.62
09/09/2016;252.05
09/08/2016;240.45
09/07/2016;238.45
09/06/2016;248.55
09/05/2016;252.05
09/02/2016;252.05
09/01/2016;255.82
08/31/2016;255.44
08/30/2016;253.98
08/29/2016;251.80
08/26/2016;254.44
08/25/2016;256.90
08/24/2016;255.93
08/23/2016;251.10
08/22/2016;251.57
08/19/2016;248.55
08/18/2016;246.26
08/17/2016;248.20
08/16/2016;250.10
08/15/2016;248.10
08/12/2016;252.31
08/11/2016;252.90
08/10/2016;256.68
08/09/2016;260.06
08/08/2016;264.37
08/05/2016;262.96
08/04/2016;270.45
08/03/2016;277.23
08/02/2016;286.32
08/01/2016;287.35
07/29/2016;283.39
07/28/2016;289.25
07/27/2016;285.79
07/26/2016;287.77
07/25/2016;286.44
07/22/2016;279.33
07/21/2016;283.67
07/20/2016;279.38
07/19/2016;282.58
07/18/2016;283.60
07/15/2016;290.89
07/14/2016;286.40
07/13/2016;287.72
07/12/2016;289.25
07/11/2016;297.92
07/08/2016;300.28
07/07/2016;315.08
07/06/2016;310.23
07/05/2016;313.46
07/04/2016;303.96
07/01/2016;320.69
06/30/2016;306.21
06/29/2016;309.57
06/28/2016;322.35
06/27/2016;337.32
06/24/2016;334.93
06/23/2016;316.95
06/22/2016;319.24
06/21/2016;319.68
06/20/2016;322.67
06/17/2016;330.62
06/16/2016;340.53
06/15/2016;344.34
06/14/2016;349.16
06/13/2016;344.95
06/10/2016;337.87
06/09/2016;325.96
06/08/2016;317.81
06/07/2016;320.25
06/06/2016;320.29
06/03/2016;328.38
06/02/2016;342.00
06/01/2016;350.14
05/31/2016;354.80
05/30/2016;341.47
05/27/2016;341.56
05/26/2016;340.97
05/25/2016;340.68
05/24/2016;345.61
05/23/2016;352.77
05/20/2016;338.74
05/19/2016;348.34
05/18/2016;339.08
05/17/2016;324.99
05/16/2016;319.78
05/13/2016;320.66
05/12/2016;316.82
05/11/2016;315.30
05/10/2016;326.21
05/09/2016;338.96
05/06/2016;330.62
05/05/2016;337.79
05/04/2016;334.86
05/03/2016;335.64
05/02/2016;327.40
04/29/2016;330.82
04/28/2016;326.77
04/27/2016;325.63
04/26/2016;337.66
04/25/2016;351.04
04/22/2016;349.49
04/21/2016;343.06
04/20/2016;326.21
04/19/2016;328.73
04/18/2016;332.00
04/15/2016;336.21
04/14/2016;327.19
04/13/2016;332.39
04/12/2016;345.05
04/11/2016;360.95
04/08/2016;374.03
04/07/2016;389.07
04/06/2016;372.40
04/05/2016;375.85
04/04/2016;356.04
04/01/2016;351.57
03/31/2016;357.01
03/30/2016;345.98
03/29/2016;355.29
03/28/2016;368.99
03/25/2016;382.36
03/24/2016;382.46
03/23/2016;382.26
03/22/2016;352.40
03/21/2016;360.60
03/18/2016;351.14
03/17/2016;369.28
03/16/2016;402.70
03/15/2016;416.93
03/14/2016;384.09
03/11/2016;376.23
03/10/2016;381.43
03/09/2016;388.46
03/08/2016;398.83
03/07/2016;399.05
03/04/2016;395.75
03/03/2016;409.90
03/02/2016;433.43
03/01/2016;431.17
02/29/2016;445.80
02/26/2016;446.30
02/25/2016;436.22
02/24/2016;435.07
02/23/2016;450.63
02/22/2016;446.56
02/19/2016;457.59
02/18/2016;468.47
